UNIVERSITY NAME,LOCATION,RATING,SCORES,PRICE,GREGMAT,IELTSTOEFL
Harvard University Cambridge,Massachusetts usa,.0 , GRE 292 | TOEFL 100 ,56, GRE 292 , TOEFL 100 
Stanford University Stanford,California usa,9.3 , GMAT 733 | PTE 68 ,74, GMAT 733 , PTE 68 
Massachusetts Institute of Technology Cambridge,Massachusetts usa,9.0 , GRE 311 | TOEFL 90 ,136, GRE 311 , TOEFL 90 
University of California Berkeley,California usa,8.4 , GRE 300 | IELTS 7 ,26, GRE 300 , IELTS 7 
Columbia University New York City,New York usa,8.4 , GMAT 726 | TOEFL 100 ,77, GMAT 726 , TOEFL 100 
The University of Chicago Chicago,Illinois usa,8.4 , GMAT 570 | TOEFL 100 ,72, GMAT 570 , TOEFL 100 
California Institute of Technology Pasadena,California usa,8.3 ,N/A,62,N/A,
Princeton University Princeton,New Jersey usa,8.3 , GRE 298 | TOEFL 100 ,54, GRE 298 , TOEFL 100 
Yale University New Haven,Connecticut usa,8.1 , GRE 322 | IELTS 7 ,74, GRE 322 , IELTS 7 
Cornell University Ithaca,New York usa,7.9 , GMAT 700 | TOEFL 100 ,71, GMAT 700 , TOEFL 100 
University of Pennsylvania Philadelphia,Pennsylvania usa,7.9 , GMAT 730 | TOEFL 100 ,81, GMAT 730 , TOEFL 100 
University of California Los Angeles Los Angeles,California usa,7.8 , GRE 326 | IELTS 7 ,65, GRE 326 , IELTS 7 
Johns Hopkins University Baltimore,Maryland usa,7.8 , GMAT 670 | TOEFL 100 ,64, GMAT 670 , TOEFL 100 
University of Michigan Ann Arbor,Michigan usa,7.5 , IELTS 6.5 ,63, IELTS 6.5 ,
Northwestern University Evanston,Illinois usa,7.3 , GMAT 727 | IELTS 7 ,74, GMAT 727 , IELTS 7 
University of California San Diego,California usa,7.3 , GMAT 655 | TOEFL 85 ,57, GMAT 655 , TOEFL 85 
University of Washington Seattle,Washington usa,7.2 , GRE 298 | TOEFL 92 ,3.5, GRE 298 , TOEFL 92 
New York University New York City,New York usa,6.9 , GMAT 690 | TOEFL 90 ,79, GMAT 690 , TOEFL 90 
Duke University Durham,North Carolina usa,6.9 , GMAT 660 | TOEFL 79 ,70, GMAT 660 , TOEFL 79 
University of Wisconsin Madison,Wisconsin usa,6.8 , GMAT 649 | IELTS 7.5 ,42, GMAT 649 , IELTS 7.5 
Brown University Providence,Rhode Island usa,6.7 , IELTS 7 ,59, IELTS 7 ,
Washington University St. Louis,Missouri usa,6.5 ,N/A,54,N/A,
Carnegie Mellon University Pittsburgh,Pennsylvania usa,6.4 , GMAT 680 | TOEFL 102 ,70, GMAT 680 , TOEFL 102 
Emory University Atlanta,Georgia usa,6.3 , GMAT 680 | IELTS 7 ,98, GMAT 680 , IELTS 7 
University of North Carolina Chapel Hill,North Carolina usa,6.2 , GMAT 694 | TOEFL 100 ,66, GMAT 694 , TOEFL 100 
University of Minnesota - Twin Cities Minneapolis,Minnesota usa,6.1 ,N/A,13,N/A,
Boston University Boston,Massachusetts usa,6.1 , GRE 298 | TOEFL 84 ,58, GRE 298 , TOEFL 84 
Ohio State University Columbus,Ohio usa,6.1 , GMAT 666 | IELTS 7 ,55, GMAT 666 , IELTS 7 
Georgia Institute of Technology Atlanta,Georgia usa,6.1 , GMAT 681 | IELTS 7 ,40, GMAT 681 , IELTS 7 
Michigan State University East Lansing,Michigan usa,6.1 , GRE 298 | IELTS 6.5 ,52, GRE 298 , IELTS 6.5 
University of California Davis,California usa,6.1 ,N/A,33,N/A,
University of Illinois - Urbana Champaign Urbana,Illinois usa,6.0 ,N/A,27,N/A,
University of California San Francisco,California usa,6.0 ,N/A,47,N/A,
University of Pittsburgh Pittsburgh,Pennsylvania usa,6.0 , GMAT 600 | TOEFL 100 ,32, GMAT 600 , TOEFL 100 
University of Southern California Los Angeles,California usa,5.9 , GRE 317 | TOEFL 90 ,34, GRE 317 , TOEFL 90 
Pennsylvania State University State College,Pennsylvania usa,5.9 ,N/A,38,N/A,
University of California Santa Barbara,California usa,5.9 ,N/A,16,N/A,
Dartmouth College Hanover,New Hampshire usa,5.9 , IELTS 7 ,55, IELTS 7 ,
University of Maryland College Park,Maryland usa,5.9 , GMAT 700 | TOEFL 80 ,37, GMAT 700 , TOEFL 80 
University of Rochester Rochester,New York usa,5.8 , GRE 292 | IELTS 7 ,79, GRE 292 , IELTS 7 
Purdue University West Lafayette,Indiana usa,5.8 ,N/A,48,N/A,
Case Western Reserve University Cleveland,Ohio usa,5.8 , IELTS 7 ,38, IELTS 7 ,
University of Alabama Birmingham,Alabama usa,5.8 ,N/A,38,N/A,
Rice University Houston,Texas usa,5.7 , TOEFL 90 ,48, TOEFL 90 ,
Vanderbilt University Nashville,Tennessee usa,5.7 , GMAT 690 | TOEFL 101 ,58, GMAT 690 , TOEFL 101 
Texas A&M University College Station,Texas usa,5.7 , GRE 309 | IELTS 6.5 ,20, GRE 309 , IELTS 6.5 
University of Colorado Boulder,Colorado usa,5.7 ,N/A,33,N/A,
Tufts University Medford,Massachusetts usa,5.6 , TOEFL 100 ,51, TOEFL 100 ,
University of Notre Dame Notre Dame,Indiana usa,5.6 , GMAT 590 | TOEFL 100 ,28, GMAT 590 , TOEFL 100 
University of Florida Gainesville,Florida usa,5.6 , GMAT 680 | TOEFL 80 ,35, GMAT 680 , TOEFL 80 
Rockefeller University New York City,New York usa,5.6 ,N/A,,N/A,
Arizona State University Tempe,Arizona usa,5.5 , GMAT 685 | IELTS 6.5 ,25, GMAT 685 , IELTS 6.5 
University of California Irvine,California usa,5.5 , TOEFL 80 ,26, TOEFL 80 ,
University of Cincinnati Cincinnati,Ohio usa,5.5 , GMAT 650 | TOEFL 90 ,29, GMAT 650 , TOEFL 90 
University of Virginia Charlottesville,Virginia usa,5.5 , GMAT 706 | TOEFL 106 ,68, GMAT 706 , TOEFL 106 
University of Miami Coral Gables,Florida usa,5.5 , GRE 300 | TOEFL 80 ,63, GRE 300 , TOEFL 80 
Georgetown University Washington,District of Columbia usa,5.5 , GMAT 693 | IELTS 7 ,55, GMAT 693 , IELTS 7 
University of Illinois Chicago,Illinois usa,5.4 , GMAT 580 | IELTS 7.5 ,23, GMAT 580 , IELTS 7.5 
Indiana University Bloomington,Indiana usa,5.4 , GMAT 666 | TOEFL 100 ,51, GMAT 666 , TOEFL 100 
University of Utah Salt Lake City,Utah usa,5.4 , GMAT 639 | TOEFL 100 ,31, GMAT 639 , TOEFL 100 
Rutgers University - New Jersey New Brunswick,New Jersey usa,5.3 , IELTS 6.5 ,48, IELTS 6.5 ,
University of Arizona Tucson,Arizona usa,5.3 , TOEFL 79 ,22, TOEFL 79 ,
University of Iowa Iowa City,Iowa usa,5.2 , TOEFL 81 ,30, TOEFL 81 ,
University of Colorado Denver,Colorado usa,5.2 ,N/A,31,N/A,
University of Texas - Rio Grande Valley Edinburg,Texas usa,5.2 ,N/A,15,N/A,
North Carolina State University Raleigh,North Carolina usa,5.2 , GRE 307 | TOEFL 100 ,87, GRE 307 , TOEFL 100 
Worcester Polytechnic Institute Worcester,Massachusetts usa,5.2 , GMAT 500 | TOEFL 84 ,37, GMAT 500 , TOEFL 84 
University of Hawaii at Manoa Honolulu,Hawaii usa,5.1 ,N/A,38,N/A,
University of Texas Dallas Richardson,Texas usa,5.1 , GMAT 681 | IELTS 6.5 ,35, GMAT 681 , IELTS 6.5 
Stony Brook University Stony Brook,New York usa,5.1 , IELTS 6.0 ,28, IELTS 6.0 ,
University of Nebraska Lincoln,Nebraska usa,5.1 ,N/A,34,N/A,
University of South Florida Tampa,Florida usa,5.1 , IELTS 6.5 ,27, IELTS 6.5 ,
George Washington University Washington,District of Columbia usa,5.1 , GMAT 710 | IELTS 7.0 ,54, GMAT 710 , IELTS 7.0 
California State University Fullerton,California usa,5.0 , IELTS 6.5 ,19, IELTS 6.5 ,
Colorado School of Mines Golden,Colorado usa,5.0 ,N/A,37,N/A,
Boise State University Boise,Idaho usa,5.0 ,N/A,25,N/A,
Binghamton University Binghamton,New York usa,5.0 , IELTS 6.5 ,22, IELTS 6.5 ,
University of California Santa Cruz,California usa,5.0 ,N/A,15,N/A,
Nova Southeastern University Fort Lauderdale,Florida usa,5.0 , GRE 297 | TOEFL 80 ,25, GRE 297 , TOEFL 80 
Syracuse University Syracuse,New York usa,5.0 , GMAT 600 | IELTS 7 ,50, GMAT 600 , IELTS 7 
Clark University Worcester,Massachusetts usa,5.0 , GMAT 588 | IELTS 5.1 ,57, GMAT 588 , IELTS 5.1 
California State University Northridge,California usa,4.9 ,N/A,10,N/A,
University of Oregon Eugene,Oregon usa,4.9 , GRE 307 | IELTS 7 ,47, GRE 307 , IELTS 7 
Drexel University Philadelphia,Pennsylvania usa,4.9 ,N/A,,N/A,
Temple University Philadelphia,Pennsylvania usa,4.9 , TOEFL 79 ,37, TOEFL 79 ,
University of Kansas Lawrence,Kansas usa,4.9 ,N/A,30,N/A,
Louisiana State University Baton Rouge,Louisiana usa,4.9 ,N/A,29,N/A,
University of Oklahoma Norman,Oklahoma usa,4.9 , GRE 320 | TOEFL 79 ,20, GRE 320 , TOEFL 79 
University of South Carolina Columbia,South Carolina usa,4.9 ,N/A,21,N/A,
Wake Forest University Winston-Salem,North Carolina usa,4.9 ,N/A,38,N/A,
Brandeis University Waltham,Massachusetts usa,4.8 , TOEFL 100 ,50, TOEFL 100 ,
College of William & Mary Williamsburg,Virginia usa,4.8 ,N/A,33,N/A,
Iowa State University Ames,Iowa usa,4.8 , TOEFL 79 ,29, TOEFL 79 ,
University of Connecticut Storrs,Connecticut usa,4.8 ,N/A,18,N/A,
University of Tennessee Knoxville,Tennessee usa,4.8 , TOEFL 80 ,31, TOEFL 80 ,
University of Houston Houston,Texas usa,4.8 , GMAT 610 | TOEFL 100 ,75, GMAT 610 , TOEFL 100 
University of Alaska Fairbanks,Alaska usa,4.8 ,N/A,20,N/A,
University of Minnesota- Duluth Duluth,Minnesota usa,4.8 ,N/A,28,N/A,
Hofstra University Hempstead,New York usa,4.8 , IELTS 6.5 ,42, IELTS 6.5 ,
University of Delaware Newark,Delaware usa,4.7 , GRE 306 | TOEFL 79 ,20, GRE 306 , TOEFL 79 
University of Vermont Burlington,Vermont usa,4.7 ,N/A,44,N/A,
University of Massachusetts Lowell,Massachusetts usa,4.7 , IELTS 6.5 ,26, IELTS 6.5 ,
George Mason University Fairfax,Virginia usa,4.7 , GRE 309 | IELTS 6.5 ,45, GRE 309 , IELTS 6.5 
San Jose State University San Jose,California usa,4.7 ,N/A,16,N/A,
Rensselaer Polytechnic Institute Troy,New York usa,4.7 , TOEFL 88 ,55, TOEFL 88 ,
Oregon State University Corvallis,Oregon usa,4.7 , IELTS 6.5 ,22, IELTS 6.5 ,
University of Georgia Athens,Georgia usa,4.7 , GMAT 663 | TOEFL 100 ,32, GMAT 663 , TOEFL 100 
Wayne State University Detroit,Michigan usa,4.7 , GRE 294 | TOEFL 79 ,57, GRE 294 , TOEFL 79 
University of Maryland Baltimore,Maryland usa,4.7 , TOEFL 80 ,45, TOEFL 80 ,
Boston College Chestnut Hill,Massachusetts usa,4.6 , GMAT 625 | TOEFL 100 ,53, GMAT 625 , TOEFL 100 
University of New Mexico Albuquerque,New Mexico usa,4.6 ,N/A,8.2,N/A,
University of California Riverside,California usa,4.6 , GMAT 594 ,27, GMAT 594 ,
University of Tampa Tampa,Florida usa,4.6 , GRE 299 | IELTS 6.5 ,29, GRE 299 , IELTS 6.5 
Central Michigan University Mount Pleasant,Michigan usa,4.6 , IELTS 6.5 ,25, IELTS 6.5 ,
Tulane University New Orleans,Louisiana usa,4.6 , TOEFL 89 ,13, TOEFL 89 ,
University at Albany Albany,New York usa,4.6 ,N/A,22,N/A,
Texas Christian University Fort Worth,Texas usa,4.6 ,N/A,30,N/A,
Stevens Institute of Technology Hoboken,New Jersey usa,4.6 , GMAT 500 | IELTS 7 ,39, GMAT 500 , IELTS 7 
Colorado State University Fort Collins,Colorado usa,4.5 ,N/A,28,N/A,
University of Missouri Columbia,Missouri usa,4.5 ,N/A,23,N/A,
University of Massachusetts Amherst,Massachusetts usa,4.5 , GMAT 648 | TOEFL 100 ,33, GMAT 648 , TOEFL 100 
Washington State University Pullman,Washington usa,4.5 , TOEFL 93 ,25, TOEFL 93 ,
Texas Tech University Lubbock,Texas usa,4.5 ,N/A,18,N/A,
Indiana University - Purdue University Indianapolis Indianapolis,Indiana usa,4.5 ,N/A,24,N/A,
University of Montana Missoula,Montana usa,4.4 ,N/A,33,N/A,
University at Buffalo Buffalo,New York usa,4.4 , GMAT 740 | IELTS 6.5 ,24, GMAT 740 , IELTS 6.5 
University of Louisiana Lafayette,Louisiana usa,4.4 ,N/A,40,N/A,
Florida State University Tallahassee,Florida usa,4.4 , GRE 295 | TOEFL 80 ,33, GRE 295 , TOEFL 80 
Lehigh University Bethlehem,Pennsylvania usa,4.4 , TOEFL 90 ,33, TOEFL 90 ,
Florida International University Miami,Florida usa,4.4 ,N/A,18,N/A,
East Tennessee State University Johnson City,Tennessee usa,4.4 ,N/A,27,N/A,
Oregon Health & Science University Portland,Oregon usa,4.4 ,N/A,14,N/A,
University of Kentucky Lexington,Kentucky usa,4.3 , GRE 300 | IELTS 6.5 ,36, GRE 300 , IELTS 6.5 
West Virginia University Morgantown,West Virginia usa,4.3 , GRE 300 | IELTS 6.5 ,24, GRE 300 , IELTS 6.5 
Rush University Chicago,Illinois usa,4.3 ,N/A,35,N/A,
Creighton University Omaha,Nebraska usa,4.3 ,N/A,17,N/A,
Clemson University Clemson,South Carolina usa,4.3 , TOEFL 102 ,37, TOEFL 102 ,
Montclair State University Montclair,New Jersey usa,4.3 ,N/A,18,N/A,
Virginia Commonwealth University Richmond,Virginia usa,4.3 ,N/A,27,N/A,
Icahn School of Medicine at Mount Sinai New York City,New York usa,4.2 ,N/A,32,N/A,
Baylor College of Medicine Houston,Texas usa,4.2 ,N/A,37,N/A,
Jackson State University Jackson,Mississippi usa,4.2 ,N/A,7.6,N/A,
University of Nebraska Medical Center Omaha,Nebraska usa,4.2 ,N/A,21,N/A,
University of Texas Arlington,Texas usa,4.2 ,N/A,10,N/A,
University of Central Florida Orlando,Florida usa,4.2 , GMAT 500 | IELTS 7 ,35, GMAT 500 , IELTS 7 
University of Texas San Antonio,Texas usa,4.2 ,N/A,26,N/A,
San Diego State University San Diego,California usa,4.2 , GRE 300 | TOEFL 80 ,16, GRE 300 , TOEFL 80 
Auburn University Auburn,Alabama usa,4.2 , SAT 1330 | IELTS 6.5 ,31, SAT 1330 , IELTS 6.5 
Kent State University Kent,Ohio usa,4.2 , TOEFL 71 ,17, TOEFL 71 ,
University of Arkansas Little Rock,Arkansas usa,4.2 ,N/A,18,N/A,
University of Idaho Moscow,Idaho usa,4.2 ,N/A,28,N/A,
University of Alabama Tuscaloosa,Alabama usa,4.2 , TOEFL 79 ,30, TOEFL 79 ,
Yeshiva University New York City,New York usa,4.2 ,N/A,39,N/A,
Thomas Jefferson University Philadelphia,Pennsylvania usa,4.2 ,N/A,36,N/A,
Cleveland State University Cleveland,Ohio usa,4.2 ,N/A,22,N/A,
Georgia State University Atlanta,Georgia usa,4.2 , GRE 298 | TOEFL 90 ,79, GRE 298 , TOEFL 90 
Saint Louis University Saint Louis,Missouri usa,4.2 ,N/A,33,N/A,
University of North Carolina Wilmington,North Carolina usa,4.2 ,N/A,22,N/A,
The Medical University of South Carolina Charleston,South Carolina usa,4.2 ,N/A,55,N/A,
Southern Methodist University Dallas,Texas usa,4.2 ,N/A,48,N/A,
University of Arkansas Fayetteville,Arkansas usa,4.2 ,N/A,28,N/A,
Old Dominion University Norfolk,Virginia usa,4.2 , GRE 310 | TOEFL 79 ,41, GRE 310 , TOEFL 79 
Georgia Southern University Statesboro,Georgia usa,4.2 ,N/A,29,N/A,
University of South Dakota Vermillion,South Dakota usa,4.2 , IELTS 6.0 ,17, IELTS 6.0 ,
University of Wisconsin Milwaukee,Wisconsin usa,4.2 ,N/A,25,N/A,
University of Mississippi University,Mississippi usa,4.2 ,N/A,25,N/A,
College of Charleston Charleston,South Carolina usa,4.2 ,N/A,34,N/A,
Villanova University Villanova,Pennsylvania usa,4.2 , GRE 314 | TOEFL 80 ,20, GRE 314 , TOEFL 80 
University of Denver Denver,Colorado usa,4.2 , GRE 299 | TOEFL 80 ,42, GRE 299 , TOEFL 80 
Northern Arizona University Flagstaff,Arizona usa,4.2 ,N/A,29,N/A,
Kansas State University Manhattan,Kansas usa,4.2 ,N/A,26,N/A,
New Jersey Institute of Technology Newark,New Jersey usa,4.2 ,N/A,31,N/A,
Florida Institute of Technology Melbourne,Florida usa,4.2 ,N/A,37,N/A,
Idaho State University Pocatello,Idaho usa,4.2 ,N/A,24,N/A,
University of Puerto Rico - Rio Piedras San Juan,Puerto Rico usa,4.2 ,N/A,9.4,N/A,
New Mexico Institute of Mining and Technology Socorro,New Mexico usa,4.2 ,N/A,24,N/A,
Baylor University Waco,Texas usa,4.2 , GRE 297 | IELTS 6.5 ,53, GRE 297 , IELTS 6.5 
Oklahoma State University Stillwater,Oklahoma usa,4.2 , GMAT 609 | IELTS 6.5 ,42, GMAT 609 , IELTS 6.5 
North Dakota State University Fargo,North Dakota usa,4.2 ,N/A,18,N/A,
New Mexico State University Las Cruces,New Mexico usa,4.2 ,N/A,24,N/A,
University of Louisville Louisville,Kentucky usa,4.2 ,N/A,26,N/A,
University of New Hampshire Durham,New Hampshire usa,4.2 ,N/A,32,N/A,
Western Washington University Bellingham,Washington usa,4.2 ,N/A,22,N/A,
Miami University Oxford,Ohio usa,4.2 ,N/A,39,N/A,
University of Massachusetts Boston,Massachusetts usa,4.2 ,N/A,33,N/A,
The New School New York City,New York usa,4.2 ,N/A,39,N/A,
University of Wyoming Laramie,Wyoming usa,4.2 ,N/A,15,N/A,
University of Tulsa Tulsa,Oklahoma usa,4.2 ,N/A,38,N/A,
University of Missouri Kansas City,Missouri usa,4.2 ,N/A,31,N/A,
Utah State University Logan,Utah usa,4.2 ,N/A,19,N/A,
Rowan University Glassboro,New Jersey usa,4.2 ,N/A,21,N/A,
Montana State University Bozeman,Montana usa,4.2 ,N/A,19,N/A,
Augusta University Augusta,Georgia usa,4.1 ,N/A,,N/A,
Loyola University Chicago,Illinois usa,4.1 ,N/A,31,N/A,
University of North Texas Denton,Texas usa,4.1 , GRE 307 | TOEFL 79 ,22, GRE 307 , TOEFL 79 
Fordham University Bronx,New York usa,4.1 , GMAT 622 | IELTS 7.0 ,50, GMAT 622 , IELTS 7.0 
South Dakota State University Brookings,South Dakota usa,4.1 ,N/A,12,N/A,
Haverford College Haverford,Pennsylvania usa,4.1 ,N/A,54,N/A,
Western Michigan University Kalamazoo,Michigan usa,4.1 ,N/A,15,N/A,
University of Akron Akron,Ohio usa,4.1 ,N/A,16,N/A,
Ohio University Athens,Ohio usa,4.1 , TOEFL 80 ,33, TOEFL 80 ,
Northern Illinois University DeKalb,Illinois usa,4.1 ,N/A,11,N/A,
Marquette University Milwaukee,Wisconsin usa,4.1 , TOEFL 80 ,17, TOEFL 80 ,
Naval Postgraduate School Monterey,California usa,4.1 ,N/A,,N/A,
The City College of New York New York City,New York usa,4.1 ,N/A,12,N/A,
University of Nevada Reno,Nevada usa,4.1 ,N/A,21,N/A,
Missouri University of Science and Technology Rolla,Missouri usa,4.1 ,N/A,37,N/A,
University of Toledo Toledo,Ohio usa,4.1 ,N/A,25,N/A,
California State University Fresno,California usa,4.1 , IELTS 6.5 ,17, IELTS 6.5 ,
University of Rhode Island Kingston,Rhode Island usa,4.1 ,N/A,25,N/A,
Michigan Technological University Houghton,Michigan usa,4.1 ,N/A,18,N/A,
University of California Merced,California usa,4.1 ,N/A,28,N/A,
Mississippi State University Mississippi State,Mississippi usa,4.1 ,N/A,14,N/A,
Duquesne University Pittsburgh,Pennsylvania usa,4.1 ,N/A,25,N/A,
University of Alaska Anchorage,Alaska usa,4.1 ,N/A,36,N/A,
University of Maryland Baltimore County Baltimore,Maryland usa,4.1 , IELTS 6.5 ,19, IELTS 6.5 ,
University of Nevada Las Vegas,Nevada usa,4.1 ,N/A,23,N/A,
South Dakota School of Mines & Technology Rapid City,South Dakota usa,4.1 ,N/A,14,N/A,
Howard University Washington,District of Columbia usa,4.1 , GMAT 520 | TOEFL 90 ,51, GMAT 520 , TOEFL 90 
College of Staten Island Staten Island,New York usa,4.1 ,N/A,14,N/A,
University of North Carolina Charlotte,North Carolina usa,4.1 , IELTS 6.5 ,33, IELTS 6.5 ,
Marshall University Huntington,West Virginia usa,4.1 ,N/A,20,N/A,
Portland State University Portland,Oregon usa,4.1 , GRE 300 | TOEFL 80 ,14, GRE 300 , TOEFL 80 
Rochester Institute of Technology Rochester,New York usa,4.1 , IELTS 7 ,78, IELTS 7 ,
California Polytechnic State University San Luis Obispo,California usa,4.1 ,N/A,21,N/A,
New York Medical College Valhalla,New York usa,4.1 ,N/A,58,N/A,
Virginia Institute of Marine Science Gloucester Point,Virginia usa,4.1 ,Estd. Year,,Estd. Year,
Lamar University Beaumont,Texas usa,4.1 ,Estd. Year,20,Estd. Year,
Southern Illinois University Carbondale,Illinois usa,4.1 ,N/A,29,N/A,
University of Memphis Memphis,Tennessee usa,4.1 , GRE 299 | TOEFL 79 ,29, GRE 299 , TOEFL 79 
San Francisco State University San Francisco,California usa,4.1 ,N/A,10,N/A,
Illinois Institute of Technology Chicago,Illinois usa,4.1 , GRE 304 | IELTS 6.5 ,53, GRE 304 , IELTS 6.5 
Wichita State University Wichita,Kansas usa,4.1 ,N/A,22,N/A,
Texas State University San Marcos,Texas usa,4.1 , IELTS 6.5 ,31, IELTS 6.5 ,
Chapman University Orange,California usa,4.1 , GMAT 600 | IELTS 6.5 ,43, GMAT 600 , IELTS 6.5 
University of Texas El Paso,Texas usa,4.1 ,N/A,47,N/A,
Florida Atlantic University Boca Raton,Florida usa,4.1 ,N/A,20,N/A,
Hunter College New York City,New York usa,4.1 ,N/A,24,N/A,
University of Hawaii Hilo,Hawaii usa,4.1 ,N/A,26,N/A,
University of Maine Orono,Maine usa,4.1 ,N/A,27,N/A,
James Madison University Harrisonburg,Virginia usa,4.1 , GRE 310 | TOEFL 80 ,51, GRE 310 , TOEFL 80 
University of North Carolina Greensboro,North Carolina usa,4.1 ,N/A,19,N/A,
University of Alabama Huntsville,Alabama usa,4.1 ,N/A,24,N/A,
Appalachian State University Boone,North Carolina usa,4.1 ,N/A,13,N/A,
California State University Long Beach,California usa,4.1 ,N/A,9.1,N/A,
Illinois State University Normal,Illinois usa,4.1 ,N/A,18,N/A,
Brooklyn College Brooklyn,New York usa,4.1 ,N/A,14,N/A,
Clarkson University Potsdam,New York usa,4.1 ,N/A,,N/A,
University of Missouri St. Louis,Missouri usa,4.1 ,N/A,,N/A,
University of North Dakota Grand Forks,North Dakota usa,4.1 ,N/A,23,N/A,
Loma Linda University Loma Linda,California usa,4.1 ,N/A,30,N/A,
University of South Alabama Mobile,Alabama usa,4.1 ,N/A,26,N/A,
Sonoma State University Rohnert Park,California usa,4.1 ,N/A,12,N/A,
East Carolina University Greenville,North Carolina usa,4.1 ,N/A,10,N/A,
Southern University and A&M College Baton Rouge,Louisiana usa,4.1 ,N/A,4.3,N/A,
Embry-Riddle Aeronautical University Daytona Beach,Florida usa,4.1 , TOEFL 79 ,20, TOEFL 79 ,
Oakland University Rochester,Michigan usa,4.1 ,N/A,16,N/A,
Towson University Towson,Maryland usa,4.1 , IELTS 6.5 ,51, IELTS 6.5 ,
Baruch College New York City,New York usa,4.1 , TOEFL 80 ,24, TOEFL 80 ,
Morehouse School of Medicine Atlanta,Georgia usa,4.1 , IELTS 7 ,25, IELTS 7 ,
University of Colorado Colorado Springs,Colorado usa,4.1 ,N/A,23,N/A,
Sam Houston State University Huntsville,Texas usa,4.1 ,N/A,20,N/A,
Santa Clara University Santa Clara,California usa,4.1 , IELTS 6.5 ,20, IELTS 6.5 ,
Catholic University of America Washington,District of Columbia usa,4.1 ,N/A,45,N/A,
Western Kentucky University Bowling Green,Kentucky usa,4.1 ,N/A,19,N/A,
Wright State University Dayton,Ohio usa,4.1 ,N/A,12,N/A,
Bowling Green State University Bowling Green,Ohio usa,4.1 ,N/A,30,N/A,
University of Dayton Dayton,Ohio usa,4.1 , GMAT 519 | IELTS 6.5 ,32, GMAT 519 , IELTS 6.5 
Medical College of Wisconsin Milwaukee,Wisconsin usa,4.1 ,N/A,18,N/A,
California State University Los Angeles,California usa,4.1 ,N/A,18,N/A,
University of Massachusetts North Dartmouth,Massachusetts usa,4.1 ,N/A,15,N/A,
Florida Agricultural & Mechanical University Tallahassee,Florida usa,4.1 ,N/A,36,N/A,
Ball State University Muncie,Indiana usa,4.1 ,N/A,22,N/A,
University of New Orleans New Orleans,Louisiana usa,4.1 ,N/A,28,N/A,
Chicago State University Chicago,Illinois usa,4.1 ,Estd. Year,37,Estd. Year,
Bucknell University Lewisburg,Pennsylvania usa,4.1 ,N/A,55,N/A,
Queens College Queens,New York usa,4.1 , IELTS 5 ,24, IELTS 5 ,
Wesleyan University Middletown,Connecticut usa,4.1 ,N/A,,N/A,
University of Pacific Stockton,California usa,4.1 ,N/A,47,N/A,
DePaul University Chicago,Illinois usa,4.1 , IELTS 6.5 ,22, IELTS 6.5 ,
Kennesaw State University Kennesaw,Georgia usa,4.1 , IELTS 6.5 ,34, IELTS 6.5 ,
Louisiana Tech University Ruston,Louisiana usa,4.1 ,N/A,8.9,N/A,
University of Oklahoma Health Sciences Center Oklahoma City,Oklahoma usa,4.1 ,N/A,18,N/A,
University of North Florida Jacksonville,Florida usa,4.1 ,N/A,31,N/A,
University of Texas Medical Branch at Galveston Galveston,Texas usa,4.1 ,N/A,36,N/A,
University of Richmond Richmond,Virginia usa,4.1 ,N/A,37,N/A,
Youngstown State University Youngstown,Ohio usa,4.1 ,Estd. Year,,Estd. Year,
University of Southern Mississippi Hattiesburg,Mississippi usa,4.1 ,N/A,12,N/A,
Texas A&M University Kingsville,Texas usa,4.1 , GRE 304 | IELTS 6.5 ,14, GRE 304 , IELTS 6.5 
Fairfield University Fairfield,Connecticut usa,4.1 ,N/A,29,N/A,
Franklin & Marshall College Lancaster,Pennsylvania usa,4.1 ,N/A,56,N/A,
Arkansas State University Jonesboro,Arkansas usa,4.1 ,Estd. Year,38,Estd. Year,
University of San Diego San Diego,California usa,4.1 ,N/A,45,N/A,
Grand Valley State University Allendale,Michigan usa,4.1 ,N/A,12,N/A,
Simmons University Boston,Massachusetts usa,4.1 ,N/A,31,N/A,
Lehman College Bronx,New York usa,4.1 ,N/A,14,N/A,
Smith College Northampton,Massachusetts usa,4.1 ,N/A,52,N/A,
Clark Atlanta University Atlanta,Georgia usa,4.1 ,Estd. Year,28,Estd. Year,
University of Texas M. D. Anderson Cancer Center Houston,Texas usa,4.1 ,N/A,,N/A,
Mercer University Macon,Georgia usa,4.1 ,N/A,13,N/A,
Missouri State University Springfield,Missouri usa,4.1 , TOEFL 79 ,17, TOEFL 79 ,
Humboldt State University Arcata,California usa,4.1 ,N/A,8.9,N/A,
Uniformed Services University of Health Sciences Bethesda,Maryland usa,4.1 ,N/A,44,N/A,
California State Polytechnic University Pomona,California usa,4.1 ,N/A,22,N/A,
University of San Francisco San Francisco,California usa,4.1 , GRE 299 | TOEFL 92 ,23, GRE 299 , TOEFL 92 
Swarthmore College Swarthmore,Pennsylvania usa,4.1 ,N/A,52,N/A,
Williams College Williamstown,Massachusetts usa,4.1 ,N/A,55,N/A,
Tennessee State University Nashville,Tennessee usa,4.1 ,Estd. Year,52,Estd. Year,
Middle Tennessee State University Murfreesboro,Tennessee usa,4.1 ,N/A,,N/A,
Colby College Waterville,Maine usa,4.1 ,N/A,69,N/A,
State University of New York Polytechnic Institute Albany,New York usa,4.1 ,Estd. Year,17,Estd. Year,
University of Texas Southwestern Medical Center Dallas,Texas usa,4.1 ,N/A,25,N/A,
Mount Holyoke College South Hadley,Massachusetts usa,4.1 ,N/A,24,N/A,
Whitman College Walla Walla,Washington usa,4.1 ,N/A,51,N/A,
University of Texas Austin,Texas usa,4.0 , GMAT 650 | IELTS 6.5 ,56, GMAT 650 , IELTS 6.5 
Texas A&M University Health Science Center Bryan,Texas usa,4.0 ,N/A,17,N/A,
University of New England Maine Biddeford,Maine usa,4.0 ,N/A,26,N/A,
Pomona College Claremont,California usa,4.0 ,N/A,52,N/A,
California State University Sacramento,California usa,4.0 ,N/A,15,N/A,
Tennessee Technological University Cookeville,Tennessee usa,4.0 ,N/A,17,N/A,
Oberlin College & Conservatory Oberlin,Ohio usa,4.0 ,N/A,55,N/A,
Colgate University Hamilton,New York usa,4.0 , TOEFL 100 ,57, TOEFL 100 ,
Eastern Michigan University Ypsilanti,Michigan usa,4.0 ,Estd. Year,24,Estd. Year,
University of Northern Colorado Greeley,Colorado usa,4.0 ,N/A,22,N/A,
Loyola Marymount University Los Angeles,California usa,4.0 ,N/A,29,N/A,
Lafayette College Easton,Massachusetts usa,4.0 ,N/A,52,N/A,
Indiana University - Purdue University Fort Wayne Fort Wayne,Indiana usa,4.0 ,Estd. Year,16,Estd. Year,
John Jay College of Criminal Justice New York City,New York usa,4.0 ,N/A,24,N/A,
University of Puerto Rico - Medical Sciences Campus San Juan,Puerto Rico usa,4.0 ,N/A,,N/A,
Pace University New York City,New York usa,4.0 , IELTS 6.5 ,39, IELTS 6.5 ,
Reed College Portland,Oregon usa,4.0 ,N/A,53,N/A,
West Chester University West Chester,Pennsylvania usa,4.0 ,N/A,22,N/A,
College of Holy Cross Worcester,Massachusetts usa,4.0 ,N/A,52,N/A,
Central Washington University Ellensburg,Washington usa,4.0 ,N/A,11,N/A,
Vassar College Poughkeepsie,New York usa,4.0 ,N/A,56,N/A,
University of Texas Health Science Center Houston,Texas usa,4.0 ,N/A,18,N/A,
The College of New Jersey Ewing Township,New Jersey usa,4.0 ,N/A,36,N/A,
Florida Gulf Coast University Fort Myers,Florida usa,4.0 ,N/A,39,N/A,
University of Texas Health Science Center San Antonio,Texas usa,4.0 ,N/A,28,N/A,
Indiana University South Bend South Bend,Indiana usa,4.0 ,Estd. Year,20,Estd. Year,
Adelphi University Garden City,New York usa,4.0 ,N/A,37,N/A,
Seton Hall University South Orange,New Jersey usa,4.0 ,N/A,38,N/A,
Seattle University Seattle,Washington usa,4.0 , IELTS 7 ,26, IELTS 7 ,
Bryn Mawr College Bryn Mawr,Pennsylvania usa,4.0 ,N/A,43,N/A,
Macalester College Saint Paul,Minnesota usa,4.0 ,N/A,54,N/A,
Western Illinois University Macomb,Illinois usa,4.0 ,N/A,,N/A,
California State University Chico,California usa,4.0 ,N/A,12,N/A,
Claremont McKenna College Claremont,California usa,4.0 ,N/A,54,N/A,
State University of New York at New Paltz New Paltz,New York usa,4.0 , IELTS 6.5 ,28, IELTS 6.5 ,
Gettysburg College Gettysburg,Pennsylvania usa,4.0 ,N/A,54,N/A,
University of Washington Bothell,Washington usa,4.0 , IELTS 6 ,39, IELTS 6 ,
Northern Kentucky University Highland Heights,Kentucky usa,4.0 ,N/A,28,N/A,
University of Washington Tacoma,Washington usa,4.0 , GMAT 730 | IELTS 7 ,40, GMAT 730 , IELTS 7 
Buffalo State Buffalo,New York usa,4.0 ,Estd. Year,23,Estd. Year,
University of West Florida Pensacola,Florida usa,4.0 ,N/A,31,N/A,
University of Tennessee Health Science Center Memphis,Tennessee usa,4.0 ,N/A,36,N/A,
California State University San Bernardino,California usa,4.0 ,N/A,17,N/A,
Skidmore College Saratoga Springs,New York usa,4.0 ,N/A,54,N/A,
Indiana University of Pennsylvania Indiana,Pennsylvania usa,4.0 ,N/A,23,N/A,
SUNY Downstate Medical Center Brooklyn,New York usa,4.0 ,N/A,23,N/A,
Alfred University Alfred,New York usa,4.0 ,N/A,21,N/A,
State University of New York Upstate Medical University Syracuse,New York usa,4.0 ,N/A,24,N/A,
Quinnipiac University Hamden,Connecticut usa,4.0 ,N/A,31,N/A,
University of Michigan Flint,Michigan usa,4.0 ,Estd. Year,11,Estd. Year,
Northern State University Aberdeen,South Dakota usa,NA,Estd. Year,18,Estd. Year,
Abilene Christian University Abilene,Texas usa,NA,N/A,37,N/A,
Ohio Northern University Ada,Ohio usa,NA,N/A,32,N/A,
University of South Carolina Aiken,South Carolina usa,NA,Estd. Year,55,Estd. Year,
The College of Saint Rose Albany,New York usa,NA,Estd. Year,24,Estd. Year,
Alfred State College Alfred,New York usa,NA,Estd. Year,21,Estd. Year,
Albion College Albion,Michigan usa,NA,N/A,47,N/A,
Alcorn State University Alcorn,Mississippi usa,NA,Estd. Year,11,Estd. Year,
California Institute of Advanced Management Alhambra,California usa,NA,Estd. Year,11,Estd. Year,
Alliant International University San Diego,California usa,NA,Estd. Year,10,Estd. Year,
Soka University of America Aliso Viejo,California usa,NA,Estd. Year,32,Estd. Year,
Cedar Crest College Allentown,Pennsylvania usa,NA,Estd. Year,24,Estd. Year,
Muhlenberg College Allentown,Pennsylvania usa,NA,N/A,51,N/A,
University of Mount Union Alliance,Ohio usa,NA,N/A,32,N/A,
Alma College Alma,Michigan usa,NA,N/A,41,N/A,
Daemen College Amherst,New York usa,NA,Estd. Year,29,Estd. Year,
Amherst College Amherst,Massachusetts usa,NA,N/A,57,N/A,
Hampshire College Amherst,Massachusetts usa,NA,N/A,25,N/A,
Bethesda University Anaheim,California usa,NA,Estd. Year,15,Estd. Year,
California University of Management and Sciences Anaheim,California usa,NA,Estd. Year,9.1,Estd. Year,
South Baylo University Anaheim,California usa,NA,Estd. Year,,Estd. Year,
Alaska Pacific University Anchorage,Alaska usa,NA,Estd. Year,7.8,Estd. Year,
Anderson University - Indiana Anderson,Indiana usa,NA,N/A,39,N/A,
Anderson University - South Carolina Anderson,South Carolina usa,NA,Estd. Year,40,Estd. Year,
Angelo State University San Angelo,Texas usa,NA,Estd. Year,14,Estd. Year,
Trine University Angola,Indiana usa,NA,Estd. Year,23,Estd. Year,
Lebanon Valley College Annville,Pennsylvania usa,NA,N/A,12,N/A,
Lawrence University Appleton,Wisconsin usa,NA,N/A,48,N/A,
Cabrillo College Aptos,California usa,NA,Estd. Year,4,Estd. Year,
Henderson State University Arkadelphia,Arkansas usa,NA,Estd. Year,10,Estd. Year,
Marymount University Arlington,Virginia usa,NA,Estd. Year,30,Estd. Year,
University of North Carolina Asheville,North Carolina usa,NA,N/A,23,N/A,
Southern Oregon University Ashland,Oregon usa,NA,Estd. Year,16,Estd. Year,
Ashland University Ashland,Ohio usa,NA,N/A,14,N/A,
Northland College Ashland,Wisconsin usa,NA,Estd. Year,36,Estd. Year,
Randolph Macon College Ashland,Virginia usa,NA,N/A,40,N/A,
Concord University Athens,West Virginia usa,NA,Estd. Year,24,Estd. Year,
University of Georgia College of Engineering Athens,Georgia usa,NA, IELTS 6.5 ,24, IELTS 6.5 ,
Tennessee Wesleyan University Athens,Tennessee usa,NA,Estd. Year,15,Estd. Year,
Menlo College Atherton,California usa,NA,N/A,21,N/A,
Morehouse College Atlanta,Georgia usa,NA, IELTS 7 ,25, IELTS 7 ,
Spelman College Atlanta,Georgia usa,NA,N/A,25,N/A,
Aurora University Aurora,Illinois usa,NA,N/A,15,N/A,
Saint Edward's University Austin,Texas usa,NA,N/A,46,N/A,
Azusa Pacific University Azusa,California usa,NA,N/A,27,N/A,
Webber International University Babson Park,Florida usa,NA,Estd. Year,8.5,Estd. Year,
California State University Bakersfield,California usa,NA,Estd. Year,15,Estd. Year,
Baker University Baldwin City,Kansas usa,NA,Estd. Year,10,Estd. Year,
Loyola University Maryland Baltimore,Maryland usa,NA,N/A,16,N/A,
Morgan State University Baltimore,Maryland usa,NA,N/A,29,N/A,
University of Baltimore Baltimore,Maryland usa,NA,N/A,21,N/A,
Goucher College Baltimore,Maryland usa,NA,N/A,26,N/A,
Maryland Institute College of Art Baltimore,Maryland usa,NA,N/A,46,N/A,
Coppin State University Baltimore,Maryland usa,NA,Estd. Year,21,Estd. Year,
Husson University Bangor,Maine usa,NA,Estd. Year,9.3,Estd. Year,
West Virginia University Institute of Technology Beckley,West Virginia usa,NA,Estd. Year,18,Estd. Year,
Bellevue University Bellevue,Nebraska usa,NA,Estd. Year,11,Estd. Year,
Bellevue College Bellevue,Washington usa,NA,Estd. Year,9.6,Estd. Year,
Beloit College Beloit,Wisconsin usa,NA,N/A,51,N/A,
University of Mary Hardin Baylor Belton,Texas usa,NA,Estd. Year,16,Estd. Year,
Bemidji State University Bemidji,Minnesota usa,NA,Estd. Year,8.8,Estd. Year,
Baldwin Wallace University Berea,Ohio usa,NA,N/A,35,N/A,
Berea College Berea,Kentucky usa,NA,N/A,39,N/A,
Andrews University Berrien Springs,Michigan usa,NA,N/A,26,N/A,
Southern Nazarene University Bethany,Oklahoma usa,NA,Estd. Year,13,Estd. Year,
Bethany College - West Virginia Bethany,West Virginia usa,NA,Estd. Year,13,Estd. Year,
Southwestern Christian University Bethany,Oklahoma usa,NA,Estd. Year,14,Estd. Year,
Moravian College Bethlehem,Pennsylvania usa,NA,N/A,32,N/A,
International Institute for Restorative Practices Bethlehem,Pennsylvania usa,NA,Estd. Year,17,Estd. Year,
Endicott College Beverly,Massachusetts usa,NA,Estd. Year,23,Estd. Year,
Montserrat College of Art Beverly,Massachusetts usa,NA,Estd. Year,28,Estd. Year,
Ferris State University Big Rapids,Michigan usa,NA,Estd. Year,16,Estd. Year,
Montana State University Billings,Montana usa,NA,N/A,15,N/A,
Samford University Birmingham,Alabama usa,NA,N/A,13,N/A,
Birmingham - Southern College Birmingham,Alabama usa,NA,N/A,16,N/A,
Virginia Tech Blacksburg,Virginia usa,NA, GMAT 600 | TOEFL 90 ,29, GMAT 600 , TOEFL 90 
Illinois Wesleyan University Bloomington,Illinois usa,NA,N/A,47,N/A,
Bloomsburg University of Pennsylvania Bloomsburg,Pennsylvania usa,NA,N/A,21,N/A,
Dell'Arte International Blue Lake,California usa,NA,Estd. Year,16,Estd. Year,
Bluefield State College Bluefield,West Virginia usa,NA,Estd. Year,16,Estd. Year,
Bluffton University Bluffton,Ohio usa,NA,Estd. Year,33,Estd. Year,
Lynn University Boca Raton,Florida usa,NA,N/A,12,N/A,
Northeastern University Boston,Massachusetts usa,NA, GRE 298 | IELTS 6.5 ,51, GRE 298 , IELTS 6.5 
Suffolk University Boston,Massachusetts usa,NA,N/A,43,N/A,
Massachusetts College of Art and Design Boston,Massachusetts usa,NA,Estd. Year,23,Estd. Year,
Emerson College Boston,Massachusetts usa,NA,N/A,30,N/A,
Wheelock College of Education & Human Development Boston,Massachusetts usa,NA,Estd. Year,52,Estd. Year,
Boston Architectural College Boston,Massachusetts usa,NA,Estd. Year,30,Estd. Year,
Fisher College Boston,Massachusetts usa,NA,Estd. Year,30,Estd. Year,
Cambridge College Boston,Massachusetts usa,NA,Estd. Year,16,Estd. Year,
Wentworth Institute of Technology Boston,Massachusetts usa,NA,N/A,34,N/A,
New England Law | Boston Boston,Massachusetts usa,NA,Estd. Year,49,Estd. Year,
New England Conservatory of Music Boston,Massachusetts usa,NA,Estd. Year,47,Estd. Year,
Bay State College Boston,Massachusetts usa,NA,Estd. Year,27,Estd. Year,
Benjamin Franklin Institute of Technology Boston,Massachusetts usa,NA,Estd. Year,18,Estd. Year,
Naropa University Boulder,Colorado usa,NA,Estd. Year,22,Estd. Year,
Massachusetts Maritime Academy Buzzards Bay,Massachusetts usa,NA,N/A,25,N/A,
Bowie State University Bowie,Maryland usa,NA,Estd. Year,19,Estd. Year,
SIT Graduate Institute Brattleboro,Vermont usa,NA,Estd. Year,13,Estd. Year,
University of Bridgeport Bridgeport,Connecticut usa,NA,Estd. Year,28,Estd. Year,
Bridgewater State University Bridgewater,Massachusetts usa,NA,Estd. Year,7,Estd. Year,
Bridgewater College Bridgewater,Virginia usa,NA,Estd. Year,23,Estd. Year,
Roger Williams University Bristol,Rhode Island usa,NA,N/A,18,N/A,
The College at Brockport Brockport,New York usa,NA,Estd. Year,22,Estd. Year,
Monroe College Bronx,New York usa,NA,Estd. Year,14,Estd. Year,
Sarah Lawrence College Bronxville,New York usa,NA,N/A,37,N/A,
Boston Graduate School of Psychoanalysis Brookline,Massachusetts usa,NA,Estd. Year,23,Estd. Year,
Hellenic College Holy Cross Brookline,Massachusetts usa,NA,Estd. Year,21,Estd. Year,
Pratt Institute Brooklyn,New York usa,NA,N/A,25,N/A,
Brooklyn Law School Brooklyn,New York usa,NA,Estd. Year,59,Estd. Year,
New York City College of Technology Brooklyn,New York usa,NA,N/A,18,N/A,
Long Island University Brooklyn,New York usa,NA, TOEFL 79 ,37, TOEFL 79 ,
Long Island University Post Greenvale,New York usa,NA, TOEFL 79 ,39, TOEFL 79 ,
Bowdoin College Brunswick,Maine usa,NA,N/A,53,N/A,
Southern Virginia University Buena Vista,Virginia usa,NA,Estd. Year,16,Estd. Year,
Canisius College Buffalo,New York usa,NA,N/A,24,N/A,
Niagara University Niagara University,New York usa,NA,Estd. Year,16,Estd. Year,
D'Youville College Buffalo,New York usa,NA,Estd. Year,28,Estd. Year,
Campbell University Buies Creek,North Carolina usa,NA,Estd. Year,14,Estd. Year,
New York Film Academy Burbank,California usa,NA,Estd. Year,28,Estd. Year,
Champlain College Burlington,Vermont usa,NA,Estd. Year,32,Estd. Year,
Slippery Rock University Slippery Rock,Pennsylvania usa,NA,Estd. Year,16,Estd. Year,
Montana Tech Butte,Montana usa,NA,N/A,25,N/A,
California University of Pennsylvania California,Pennsylvania usa,NA,Estd. Year,23,Estd. Year,
California State University - Channel Islands Camarillo,California usa,NA,Estd. Year,8.2,Estd. Year,
Hult International Business School Cambridge,Massachusetts usa,NA, GMAT 610 ,49, GMAT 610 ,
University of Maryland Center for Environmental Science Cambridge,Maryland usa,NA,N/A,39,N/A,
Lesley University Cambridge,Massachusetts usa,NA,N/A,34,N/A,
Longy School of Music Cambridge,Massachusetts usa,NA,Estd. Year,41,Estd. Year,
St. Lawrence University Canton,New York usa,NA,N/A,54,N/A,
Southeast Missouri State University Cape Girardeau,Missouri usa,NA,Estd. Year,15,Estd. Year,
Dickinson College Carlisle,Pennsylvania usa,NA,N/A,54,N/A,
University of West Georgia Carrollton,Georgia usa,NA,Estd. Year,9.4,Estd. Year,
Castleton University Castleton,Vermont usa,NA,Estd. Year,27,Estd. Year,
Southern Utah University Cedar City,Utah usa,NA,Estd. Year,24,Estd. Year,
University of Northern Iowa Cedar Falls,Iowa usa,NA,N/A,19,N/A,
Mount Mercy University Cedar Rapids,Iowa usa,NA,Estd. Year,18,Estd. Year,
Coe College Cedar Rapids,Iowa usa,NA,N/A,45,N/A,
Cedarville University Cedarville,Ohio usa,NA,N/A,9.3,N/A,
Southern Wesleyan University Central,South Carolina usa,NA,Estd. Year,24,Estd. Year,
Chadron State College Chadron,Nebraska usa,NA,Estd. Year,9.4,Estd. Year,
American Public University Charles Town,West Virginia usa,NA,Estd. Year,10,Estd. Year,
Eastern Illinois University Charleston,Illinois usa,NA,Estd. Year,12,Estd. Year,
Citadel - Military College of South Carolina Charleston,South Carolina usa,NA,N/A,46,N/A,
University of Charleston Charleston,West Virginia usa,NA,N/A,29,N/A,
University of Wisconsin Whitewater,Wisconsin usa,NA,Estd. Year,18,Estd. Year,
Queens University of Charlotte Charlotte,North Carolina usa,NA,N/A,21,N/A,
Eastern Washington University Cheney,Washington usa,NA,Estd. Year,23,Estd. Year,
Widener University Chester,Pennsylvania usa,NA,N/A,20,N/A,
Washington College Chestertown,Maryland usa,NA,N/A,47,N/A,
Pine Manor College Chestnut Hill,Massachusetts usa,NA,Estd. Year,12,Estd. Year,
Saint Xavier University Chicago,Illinois usa,NA,Estd. Year,30,Estd. Year,
Roosevelt University Chicago,Illinois usa,NA,Estd. Year,20,Estd. Year,
Northeastern Illinois University Chicago,Illinois usa,NA,Estd. Year,14,Estd. Year,
University of Chicago Booth School of Business Chicago,Illinois usa,NA, GMAT 570 | TOEFL 100 ,72, GMAT 570 , TOEFL 100 
Columbia College Chicago Chicago,Illinois usa,NA,Estd. Year,36,Estd. Year,
School of Art Institute of Chicago Chicago,Illinois usa,NA,Estd. Year,51,Estd. Year,
North Park University Chicago,Illinois usa,NA,Estd. Year,18,Estd. Year,
Chicago Theological Seminary Chicago,Illinois usa,NA,Estd. Year,20,Estd. Year,
John Marshall Law School Chicago,Illinois usa,NA,Estd. Year,46,Estd. Year,
Robert Morris University - Illinois Chicago,Illinois usa,NA,Estd. Year,15,Estd. Year,
Kendall College Chicago,Illinois usa,NA,Estd. Year,32,Estd. Year,
Elms College Chicopee,Massachusetts usa,NA,Estd. Year,13,Estd. Year,
Xavier University Cincinnati,Ohio usa,NA, GRE 297 | TOEFL 79 ,20, GRE 297 , TOEFL 79 
Claremont Graduate University Claremont,California usa,NA,N/A,59,N/A,
Claremont School of Theology Claremont,California usa,NA,Estd. Year,25,Estd. Year,
Keck Graduate Institute Claremont,California usa,NA,Estd. Year,38,Estd. Year,
Harvey Mudd College Claremont,California usa,NA,N/A,56,N/A,
Pitzer College Claremont,California usa,NA,N/A,54,N/A,
Rogers State University Claremore,Oklahoma usa,NA,Estd. Year,16,Estd. Year,
Clarion University of Pennsylvania Clarion,Pennsylvania usa,NA,Estd. Year,23,Estd. Year,
Clarks Summit University Clarks Summit,Pennsylvania usa,NA,Estd. Year,16,Estd. Year,
Austin Peay State University Clarksville,Tennessee usa,NA,Estd. Year,19,Estd. Year,
Delta State University Cleveland,Mississippi usa,NA,Estd. Year,6.4,Estd. Year,
Cleveland Institute of Music Cleveland,Ohio usa,NA,Estd. Year,39,Estd. Year,
Lee University Cleveland,Tennessee usa,NA,Estd. Year,21,Estd. Year,
Mississippi College Clinton,Mississippi usa,NA,N/A,18,N/A,
Hamilton College Clinton,New York usa,NA,N/A,54,N/A,
Presbyterian College Clinton,South Carolina usa,NA,N/A,35,N/A,
Saint Michael's College Colchester,Vermont usa,NA,N/A,45,N/A,
Ursinus College Collegeville,Pennsylvania usa,NA,N/A,18,N/A,
Colorado Technical University Colorado Springs,Colorado usa,NA,Estd. Year,14,Estd. Year,
Colorado College Colorado Springs,Colorado usa,NA,N/A,55,N/A,
Columbia International University Columbia,South Carolina usa,NA,Estd. Year,10,Estd. Year,
Capital University Columbus,Ohio usa,NA,N/A,18,N/A,
Columbus State University Columbus,Georgia usa,NA,Estd. Year,19,Estd. Year,
Mississippi University for Women Columbus,Mississippi usa,NA,Estd. Year,6.8,Estd. Year,
Ohio Dominican University Columbus,Ohio usa,NA,Estd. Year,24,Estd. Year,
Columbus College of Art and Design Columbus,Georgia usa,NA,Estd. Year,35,Estd. Year,
Franklin University Columbus,Ohio usa,NA, TOEFL 79 ,20, TOEFL 79 ,
Texas A&M University Commerce,Texas usa,NA,Estd. Year,19,Estd. Year,
Coastal Carolina University Conway,South Carolina usa,NA,Estd. Year,19,Estd. Year,
Hendrix College Conway,Arkansas usa,NA,N/A,42,N/A,
University of Central Arkansas Conway,Arkansas usa,NA,Estd. Year,21,Estd. Year,
University of Miami Online Coral Gables,Florida usa,NA, TOEFL 80 ,63, TOEFL 80 ,
Texas A&M University Corpus Christi,Texas usa,NA,Estd. Year,35,Estd. Year,
Suny Cortland Cortland,New York usa,NA,Estd. Year,14,Estd. Year,
Vanguard University Costa Mesa,California usa,NA,N/A,19,N/A,
Wabash College Crawfordsville,Indiana usa,NA,N/A,43,N/A,
Doane University Crete,Nebraska usa,NA,N/A,34,N/A,
Holy Apostles Cromwell,Connecticut usa,NA,Estd. Year,15,Estd. Year,
Western Carolina University Cullowhee,North Carolina usa,NA,Estd. Year,20,Estd. Year,
Antioch University Yellow Springs,Ohio usa,NA,Estd. Year,21,Estd. Year,
University of North Georgia Dahlonega,Georgia usa,NA,N/A,21,N/A,
Dallas Baptist University Dallas,Texas usa,NA,N/A,30,N/A,
Dallas Theological Seminary Dallas,Texas usa,NA,Estd. Year,17,Estd. Year,
Western Connecticut State University Danbury,Connecticut usa,NA,Estd. Year,26,Estd. Year,
Centre College Danville,Kentucky usa,NA,N/A,55,N/A,
Saint Ambrose University Davenport,Iowa usa,NA,Estd. Year,28,Estd. Year,
Davidson College Davidson,North Carolina usa,NA,N/A,51,N/A,
Omega Graduate School Dayton,Tennessee usa,NA,Estd. Year,13,Estd. Year,
St. Norbert College De Pere,Wisconsin usa,NA,N/A,38,N/A,
University of Michigan Dearborn,Michigan usa,NA, IELTS 6.5 ,20, IELTS 6.5 ,
Millikin University Decatur,Illinois usa,NA,N/A,25,N/A,
Agnes Scott College Decatur,Georgia usa,NA,N/A,42,N/A,
Luther College Decorah Decorah,Iowa usa,NA,N/A,41,N/A,
Trinity International University Deerfield,Illinois usa,NA,Estd. Year,17,Estd. Year,
Stetson University DeLand,Florida usa,NA,N/A,26,N/A,
Ohio Wesleyan University Delaware,Ohio usa,NA,N/A,46,N/A,
Texas Woman's University Denton,Texas usa,NA,N/A,20,N/A,
Metropolitan State University Denver,Colorado usa,NA,Estd. Year,17,Estd. Year,
Regis University Denver,Colorado usa,NA,N/A,25,N/A,
Highline College Des Moines,Washington usa,NA,Estd. Year,20,Estd. Year,
Drake University Des Moines,Iowa usa,NA,N/A,42,N/A,
University of Detroit Mercy Detroit,Michigan usa,NA,Estd. Year,47,Estd. Year,
College for Creative Studies Detroit,Michigan usa,NA,Estd. Year,48,Estd. Year,
Mercy College New York Dobbs Ferry,New York usa,NA,Estd. Year,25,Estd. Year,
Millennia Atlantic University Doral,Florida usa,NA,Estd. Year,16,Estd. Year,
Georgia Central University Atlanta,Georgia usa,NA,Estd. Year,15,Estd. Year,
Delaware State University Dover,Delaware usa,NA,Estd. Year,28,Estd. Year,
DeVry University Naperville,Illinois usa,NA,Estd. Year,23,Estd. Year,
University of Dubuque Dubuque,Iowa usa,NA,Estd. Year,38,Estd. Year,
Nichols College Dudley,Massachusetts usa,NA,Estd. Year,33,Estd. Year,
Fort Lewis College Durango,Colorado usa,NA,N/A,10,N/A,
North Carolina Central University Durham,North Carolina usa,NA,Estd. Year,17,Estd. Year,
New England Institute of Technology Warwick,Rhode Island usa,NA,Estd. Year,16,Estd. Year,
